{"type": "block", "layer": 1, "block": 0, "features": [{"geom": {"pts": [[395.0783210778609, 483.3608178491704, 378.2115478515625]], "r": 55.6}, "mtl": 0, "lbl": "1. Rutschung", "lh": 150.0}, {"geom": {"pts": [[395.0783211607486, 159.0339536536485, 282.704833984375]], "r": 55.6}, "mtl": 0, "lbl": "2. Gletscher Zunge", "lh": 150.0}, {"geom": {"pts": [[-766.3624767223373, 112.70154477632605, 196.2476806640625]], "r": 55.6}, "mtl": 0, "lbl": "3. Sander", "lh": 150.0}], "featureCount": 3, "startIndex": 0}