{"type": "block", "layer": 1, "block": 0, "features": [{"geom": {"pts": [[-141.03819721145555, -14.413442524382845, 4.15269136428833]], "r": 5}, "mtl": 0, "lbl": "Einsturztrichter 2017 - 2019", "lh": 120.0}, {"geom": {"pts": [[352.9724884866737, -114.19673296110705, 71.42738342285156]], "r": 5}, "mtl": 0, "lbl": "Einsturztrichter 2022", "lh": 120.0}, {"geom": {"pts": [[140.84714539395645, -107.3286598729901, 29.831388473510742]], "r": 5}, "mtl": 0, "lbl": "Einsturztrichter 2019", "lh": 120.0}], "featureCount": 3, "startIndex": 0}